Preferred Label,1987-88,1988-89,1991-92,1998-99,2005-06,2012-13,2016-17
Agushie Seed,,,,,,,Agushie Seed
Akpeteshie,,,Akpeteshie,Akpeteshie,Akpeteshie,Akpeteshie,Akpeteshie
Animals Fat,,,Animals Fat,Animals Fat,,,
Apple,,,,,,,Apple
Avocado,Avocado,Avocado,Avocado,Avocado,Avocado,Avocado,Avocado
Baby Milk,,,Baby Milk,Baby Milk,,,
Bambara Bean,,,Bambara Bean,Bambara Bean,Bambara Bean,Bambara Bean,Bambara Bean
Banana,Banana,Banana,Banana,Banana,Banana,Banana,Banana
Banku,,,Banku,Banku,,,
Bean,,,,,Bean,Bean,
Beef,Beef,Beef,Beef,Beef,Beef,Beef,Beef
Beef (corned),,,Beef (corned),,Beef (corned),Beef (corned),Beef (corned)
Beef (face),,,,,,,Beef (face)
Beef (leg),,,,,,,Beef (leg)
Beef (offal),,,,,,,Beef (offal)
Beef (steak),,,,,,,Beef (steak)
Beer,,,Beer,Beer,Beer,Beer,Beer
Biscuit,Biscuit,Biscuit,Biscuit,Biscuit,Biscuit,Biscuit,Biscuit
Bitters,,,,,,,Bitters
Bread,,,Bread,Bread,Bread,Bread,Bread
Broad Bean,,,Broad Bean,Broad Bean,,,
Cabbage,Cabbage,Cabbage,Cabbage,Cabbage,Cabbage,Cabbage,Cabbage
Canned Fruits,,,Canned Fruits,Canned Fruits,Canned Fruits,Canned Fruits,Canned Fruits
Carrot,,,,Carrot,Carrot,Carrot,Carrot
Cashew,,,,,,,Cashew
Cassava,,,Cassava,Cassava,,,
Cassava (dough),Cassava (dough),Cassava (dough),Cassava (dough),Cassava (dough),Cassava (dough),Cassava (dough),Cassava (dough)
Cassava (dried),,,,,,,Cassava (dried)
Cassava (flour),Cassava (flour),Cassava (flour),Cassava (flour),Cassava (flour),Cassava (flour),Cassava (flour),
Cassava,Cassava (fresh),Cassava (fresh),,,Cassava (fresh),Cassava (fresh),Cassava (fresh)
Cassava (flour),,,,,,,"Cassava (white, flour)"
Cassava (flour),,,,,,,"Cassava (yellow, flour)"
Cerelac (Baby food),,,,,Cerelac (Baby food),Cerelac (Baby food),Cerelac (Baby food)
Chewing Gum,,,,,,,Chewing Gum
Chicken (breast),,,,,,,Chicken (breast)
Chicken,Chicken,Chicken,Chicken,Chicken,Chicken (live),Chicken (live),Chicken (broiler)
Chicken (frozen),,,,,,,Chicken (frozen)
Chicken (gizzard),,,,,,,Chicken (gizzard)
Chicken (live),,,,,,,Chicken (live)
Chicken (thigh),,,,,,,Chicken (thigh)
Chicken (wing),,,,,,,Chicken (wing)
Chilli Powder (black pepper),,,,,Chilli Powder (black pepper),Chilli Powder (black pepper),Chilli Powder (black pepper)
Chocolate ,,,Chocolate Drink,Chocolate Drink,Chocolate ,Chocolate ,Chocolate 
Cigarette,,,Cigarette,Cigarette,Cigarrette,,Cigarette
Cocoa Powder,,,,,,,Cocoa (milk powder beverages)
Cocoa Powder,,,,,Cocoa Powder,Cocoa Powder,Cocoa Powder
Coconut (dried),,,,,,,Coconut (dried)
Coconut (fresh),Coconut,Coconut,Coconut,Coconut,Coconut (fresh),Coconut (fresh),Coconut (fresh)
Cocoyam,Cocoyam,Cocoyam,Cocoyam,Cocoyam,Cocoyam,Cocoyam,Cocoyam
Cocoyam Leaves,,,Cocoyam Leaves,Coffee,Cocoyam Leaves,Cocoyam Leaves,Cocoyam Leaves
Coffee,,,Coffee,,Coffee,Coffee,Coffee
Cola Nut,,,,,Cola Nut,Cola Nut,
Condiment,Condiment,Condiment,,,Condiments,Condiments,Condiments
Confectionary (not frozen),,,Confectionary (not frozen),Confectionary (not frozen),,,
Cooked Rice and Stew,,,Cooked Rice and Stew,Cooked Rice and Stew,Cooked Rice and Stew,Cooked Rice and Stew,
Corflake,,,,,,,Corflake
Couscous,,,,,,,Couscous
Cowpea,,,Cowpea,Cowpea,Cowpea,Cowpea,Cowpea
Crab,,,,,,,Crab
Curry Power,,,,,,,Curry Power
Crustacean,,,Crustaceans,Crustaceans,Crustaceans,Crustaceans,
Dawadawa,,,Dawadawa,Dawadawa,,Dawadawa,Dawadawa
Dove/Pigeon,Dove/pigeon,Dove/pigeon,,,,,
Duck,Duck,Duck,Duck,Duck,,,
Egg,Egg,Egg,Eggs,Eggs,Eggs,Eggs,Eggs
Eggplant,Eggplant,Eggplant,Eggplant/Cucumber,Eggplant/Cucumber,Eggplant,Eggplant,Eggplant
Eggplant Leaf,,,,,,,Eggplant Leaf
Emotuo,Emotuo,Emotuo,,,,,
Fast Food,,,,,Fast Food,Fast Food,
Fish (fresh and frozen),Fish,Fish,,,,,
Fish (canned),,,Fish (canned),Fish (canned),Fish (canned),Fish (canned),Fish (canned)
Fish (dried),,,Fish (dried),Fish (dried),Fish (dried),Fish (dried),Fish (dried)
Fish (fresh and frozen),,,Fish (fresh and frozen),Fish (fresh and frozen),Fish (fresh and frozen),Fish (fresh and frozen),
Fish (fried),,,Fish (fried),Fish (fried),Fish (fried),Fish (fried),Fish (fried)
Fish (salted),,,,,Fish (salted),Fish (salted),Fish (salted)
Fish (smoked),,,Fish (smoked),Fish (smoked),Fish (smoked),Fish (smoked),"Fish (smoked, river)"
Fish (smoked),,,,,,,"Fish (smoked, sea)"
Garlic,,,,,,,Garlic
Gin,,,Gin,Gin,,,Gin
Ginger,,,,,Ginger,Ginger,Ginger
Goat,Mutton,Mutton,Goat,Goat,Goat,Goat,Goat
Grape,,,,,,,Grape
Groundnut,Groundnut,Groundnut,Groundnut,Groundnut,Groundnut,Groundnut,Groundnut
Guinea Corn,,,Guinea Corn,Guinea Corn,,,
Guinea Fowl,,,Guinea Fowl,Guinea Fowl,,,Guineafowl
Guinea Corn/Sorghum,,,Guinea corn/sorghum,Guinea corn/sorghum,Guinea corn/sorghum,Guinea corn/sorghum,Guinea corn/sorghum
Herring (smoked),,,,,,,Herring (smoked)
Honey,,,Honey,Honey,Honey,Honey,Honey
Ice Cream,,,Ice Cream,Ice Cream,Ice Cream,Ice Cream,Ice Cream
Instant Noodle,,,,,,,Instant Noodle
Jam,,,Jam,Jam,,,
Juice,,,Juice,Juice,Juice,Juice,Juice
Jute Leaf,,,,,,,Jute Leaf
Kapla,,,,,,,Kapla
Kenkey/Banku,Kenkey,Kenkey,Kenkey,Kenkey,Kenkey/Banku,Kenkey/Banku,
Koko,,,Koko,Koko,,,
Kola Nut,,,Kola Nut,Kola Nut,,,
Konkonte,,,Konkonte,Konkonte,,,
Lime,,,,,,,Lime
Macaroni/Spaghetti,Macaroni/Spaghetti,Macaroni/Spaghetti,,,,,Macaroni
Mackerel (processed),,,,,,,Mackerel (processed)
Maize,Maize,Maize,Maize,Maize,,,
Maize (cob),,,Maize (cob),Maize (cob),Maize (cob),Maize (cob),Maize (cob)
Maize (flour/dough),,,Maize (flour/dough),Maize (flour/dough),Maize (flour/dough),Maize (flour/dough),Maize (flour/dough)
Maize (grain),,,,,,,Maize (grain)
Maizena,,,,,,,Maizena
Malt Drinks (bottle),,,,,Malt Drinks (bottle),Malt Drinks (bottle),Malt Drinks (bottle)
Malt Drinks (canned),,,,,,,Malt Drinks (canned)
Mango,Mango,Mango,Mango,Mango,Mango,Mango,Mango
Margarine,Margarine,Margarine,Margarine,Margarine,Margarine,Margarine,Margarine
Milk (evaporated),Milk (evaporated),,,,Milk (evaporated),Milk (evaporated),Milk (evaporated)
Milk (fresh),Milk,Milk,Milk (fresh),Milk (fresh),Milk (fresh),Milk (fresh),Milk (fresh)
Milk (powder),,,Milk (powder),Milk (powder),Milk (powdered),Milk (powdered),Milk (powdered)
"Milk (tinned, condensed/unsweetened)",,,"Milk (tinned, unsweetened)","Milk (tinned, unsweetened)","Milk (tinned, condensed)","Milk (tinned, condensed)","Milk (tinned, condensed)"
Millet,Millet,Millet,Millet,Millet,Millet,Millet,Millet
Millet (flour),,,Millet (flour),Millet (flour),Millet (flour),Millet (flour),Millet (flour)
Oil (coconut),,,Oil (coconut),Oil (coconut),Oil (coconut),Oil (coconut),Oil (coconut)
Oil (groundnut),,,Oil (groundnut),Oil (groundnut),Oil (groundnut),Oil (groundnut),Oil (groundnut)
Oil (palm kernel),,,Oil (palm kernel),Oil (palm kernel),Oil (palm kernel),Oil (palm kernel),Oil (palm kernel)
Oil (palm),Oil (palm),Oil (palm),Oil (red palm),Oil (red palm),Oil (palm),Oil (palm),Oil (palm)
Okra,Okra,Okra,Okra,Okra,Okra,Okra,Okra
Onion,Onion,Onion,Onion,Onion,Onion,Onion,Onion
Orange,Orange,Orange,Orange,Orange,Orange,Orange,Orange
Other Alcoholic Beverages,Other Alcoholic Beverages,Other Alcoholic Beverages,Other Alcoholic Beverages,Other Alcoholic Beverages,Other Alcoholic Beverages,Other Alcoholic Beverages,Other Alcoholic Beverages
Other Beverages,Other Beverages,Other Beverages,Other Beverage,Other Beverage,Other Beverages,Other Beverages,Other Beverages
Other Canned Vegetables,,,Other Canned Vegetables,,,,
Other Cereal,,,,,Other Cereal,Other Cereal,Other Cereal
Other Condiments & Spices,,,Other Condiments & Spices,Other Condiments & Spices,,,
Other Confectioneries,,,,,Other Confectioneries,Other Confectioneries,
Other Domestic Poultry,,,,,Other Domestic Poultry,Other Domestic Poultry,Other Domestic Poultry
Other Drinks,,,Other Drink,Other Drink,,,
Other Eggs,,,Other Eggs,Other Eggs,,,
Other Fish,,,Other Fish,Other Fish,Other Fish,Other Fish,Other Fish
Other Flours,,,Other Flour,Other Flour,Other Flours,Other Flours,Other Flours
Other Fruits,Other Fruits,Other Fruits,Other Fruits,Other Fruits,Other Fruits,Other Fruits,Other Fruits
Other Grains,,,,Other Grain,Other Grain,Other Grain,Other Grains
Other Leafy Vegetables,Other Leafy Vegetable,Other Leafy Vegetable,,,Other Leafy Vegetable,Other Leafy Vegetable,Other Leafy Vegetable
Other Meat,Other Meat,Other Meat,Other Meat,Other Meat,Other Meat,Other Meat,Other Meat
Other Milk Products,Milk product,Milk product,Other Milk Products,Other Milk Products,Other Milk Products,Other Milk Products,Other Milk Products
Other Miscellaneous Food Items,Other Miscellaneous Food Items,Other Miscellaneous Food Items,Other Miscellaneous Food Items,Other Miscellaneous Food Items,,,
Other Nuts/Seeds,,,,,,Other Nut/Seed,Other Nut/Seed
Other Oil Seeds,,,Other Oil Seeds,Other Oil Seeds,,,
Other Oils,Other Oils,Other Oils,Other Oils,Other Oils,Other Oils,Other Oils,Other Oils
Other Poultry,Other Poultry,Other Poultry,Other Poultry,Other Poultry,,,
Other Prepared Meals,Other Prepared Meals,Other Prepared Meals,Other Prepared Meals,Other Prepared Meals,Other Prepared Meals,Other Prepared Meals,
Other Pulses,Other Pulses,Other Pulses,Other Pulses,Other Pulses,Other Pulses,Other Pulses,Other Pulses
Other Spices,,,,,,,Other Spices
Other Spirits,,,,,Other Spirits,Other Spirits,Other Spirits
Other Starchy Products,,,Other Starchy Products,Other Starchy Products,,,
Other Tobacco,,,Other Tobacco,Other Tobacco,Other Tobacco,Other Tobacco,Other Tobacco
Other Tubers,,,Other Tubers,Other Tubers,Other Tubers ,Other Tubers ,Other Tubers 
Other Vegetables,Other Vegetables,Other Vegetables,Other Vegetables,Other Vegetables,Other Vegetables,Other Vegetables,Other Vegetable
Palm Nut,Palm Nut,Palm Nut,Palm Nut,Palm Nut,Palm Nut,Palm Nut,Palm Nut
Pawpaw,Pawpaw,Pawpaw,Pawpaw,Pawpaw,Pawpaw,Pawpaw,Pawpaw
Pepper,,,Pepper,Pepper,Pepper,Pepper,Pepper (fresh)
Pepper (dried),,,Pepper (dry),Pepper (dry),,,"Pepper (dried, red)"
Pepper (powder),,,,,,,Pepper (powder)
Pineapple,Pineapple,Pineapple,Pineapple,Pineapple,Pineapple,Pineapple,Pineapple
Plantain,Plantain,Plantain,Plantain,Plantain,Plantain,Plantain,Plantain
Pork,Pork,Pork,Pork,Pork,Pork,Pork,Pork
Pork (feet),,,,,,,Pork (feet)
Pork (fillet),,,,,,,Pork (fillet)
Pork (rib),,,,,,,Pork (rib)
Pork (shoulder),,,,,,,Pork (shoulder)
Potato/Sweet Potato,Potato/Sweet Potato,Potato/Sweet Potato,,,,,Potato 
Rice,Rice,Rice,Rice,Rice,Rice (imported),Rice (imported),Rice (imported)
Rice,,,,,Rice (local),Rice (local),Rice (local)
Salmon (smoked),,,,,,,Salmon (smoked)
Salt,Salt,Salt,Salt,Salt,Salt,Salt,Salt
Sausage (beef),,,,,,,Sausage (beef)
Sausage (chicken),,,,,,,Sausage (chicken)
Sausage (pork),,,,,,,Sausage (pork)
Schnapps,,,,,Schnapps,Schnapps,Schnapps
Shallot,,,,,,,Shallot
Shea Butter,,,Shea Butter,Shea Butter,Shea Butter,Shea Butter,Shea Butter
Shrimp,,,,,,,Shrimp
Small Bean,,,Small Bean,Small Bean,,,
Snail,,,Snail,,Snail,Snail,Snail
Soft Drinks,,,Soft Drinks,Soft Drinks,Soft Drinks,Soft Drinks,Soft Drinks
Sorghum,,,Sorghum,Sorghum,,,
Soup,Soup,Soup,Soup,Soup,Soup ,Soup ,
Soybean,,,,,Soybean,Soybean,Soybean
Macaroni/Spaghetti,,,,,,,Spaghetti
Spinach,Spinach,Spinach,Spinach,Spinach,Spinach,Spinach,Spinach
Sugar,Sugar,Sugar,Sugar,Sugar,Sugar,Sugar,Sugar (cubed)
Sugar,,,,,,,Sugar (granulated)
Sweet Pepper,,,,,,,Sweet Pepper
Potato/Sweet Potato,,,Sweet Potato,Sweet Potato,Sweet Potato,Sweet Potato,Sweet Potato 
Taro,,,,,,,Taro
Tea,,,Tea,Tea,Tea,Tea bags,Tea bag
Tilapia,,,,,,,Tilapia
Tobacco,,,Tobacco,Tobacco,Tobacco,Tobacco,Tobacco
Tomato (fresh),Tomato (fresh),Tomato (fresh),Tomato,Tomato,Tomato (fresh),Tomato (fresh),Tomato (fresh)
Tomato (paste),Tomato (paste),Tomato (paste),Tomato Puree,,Tomato (paste),Tomato (paste),Tomato (paste)
Tuna (processed),,,,,,,Tuna (processed)
Vinegar,,,,,,,Vinegar
Water,,,,,Water,Water,Water
Water Yam,,,,,,,Water Yam
Watermelon,,,Watermelon,Watermelon,Watermelon,Watermelon,Watermelon
Wheat Flour,Wheat Flour,Wheat Flour,,,Wheat Flour,Wheat Flour,Wheat Flour
Whisky,,,,,Whisky,Whisky,Whisky
White Oat,,,,,,,White Oats
Wine,,,Wine,Wine,Wine,Wine,Wine
Yam,Yam,Yam,Yam,Yam,Yam,Yam,Yam
Yoghurt,,,,,,,Yoghurt